{
  "acc": [
    0.8257301957219046
  ],
  "q": [
    0.3156093180740073
  ],
  "u": [
    12.571428571428571
  ]
}