{
  "acc": [
    0.26081188118811877,
    0.28487788778877887,
    0.27494389438943895,
    0.26157095709570954,
    0.2656831683168317,
    0.3546930693069307,
    0.3260528052805281,
    0.1353861386138614,
    0.15138613861386138,
    0.07196039603960395,
    0.28160396039603963,
    0.12944554455445545,
    0.30083828382838285,
    0.33324092409240924,
    0.272943894389439,
    0.2748844884488449,
    0.23483828382838284,
    0.23279207920792083,
    0.1872871287128713,
    0.24845544554455445,
    0.014607260726072607,
    0.13675247524752474,
    0.17794059405940593,
    0.217023102310231,
    0.30417821782178217,
    0.30932013201320135,
    0.34069306930693066,
    0.35279207920792083,
    0.39443564356435645,
    0.40241584158415844,
    0.4879801980198019,
    0.565920792079208,
    0.2746534653465346,
    0.3266732673267327,
    0.3245148514851485,
    0.48619801980198024,
    0.4245544554455446,
    0.5555643564356435,
    0.5001584158415842,
    0.4802574257425743,
    0.5356633663366337,
    0.5395643564356435,
    0.5537821782178217,
    0.5834059405940594,
    0.511980198019802,
    0.5577623762376238,
    0.8226534653465347
  ],
  "q": [
    0.5113372326863787,
    0.5261976502336749,
    0.5146658008339513,
    0.4962068786580831,
    0.464967810300765,
    0.3193811776695791,
    0.5043502158202382,
    0.9907375680237536,
    0.48721461399112964,
    0.6953110013320095,
    0.5224619224492391,
    0.7232411069900706,
    0.559411773976876,
    0.487525960524235,
    0.581917384935968,
    0.5067129127039184,
    0.5204705713142302,
    0.5644994923193326,
    0.5211017810615647,
    0.5189543670428101,
    0.3221010542999404,
    0.576383500707732,
    0.552044228494035,
    0.5269448705702214,
    0.523319215650605,
    0.4904154489862573,
    0.4599048593796655,
    0.2786178264698033,
    0.3372024476989738,
    0.4886208888581501,
    0.46153281838668886,
    0.4503067517071499,
    0.5278986099482066,
    0.512324329873276,
    0.5421001956929266,
    0.5133121103139424,
    0.47939527277446137,
    0.4750091690581226,
    0.47934556805549705,
    0.4841053866802669,
    0.47265731861096383,
    0.4935427151077342,
    0.4512658751043418,
    0.47833940643811657,
    0.48991884106994704,
    0.48378198156028585,
    0.4622321657577377
  ],
  "u": [
    58.6,
    52.06666666666666,
    148.86666666666667,
    356.6,
    746.9333333333334,
    244.66666666666666,
    22.866666666666667,
    10.8,
    21.8,
    96.6,
    4.6,
    61.8,
    53.266666666666666,
    52.8,
    59.6,
    49.53333333333333,
    64.46666666666667,
    85.2,
    22.73333333333333,
    38.4,
    99.0,
    79.66666666666666,
    71.66666666666666,
    58.4,
    43.8,
    20.066666666666666,
    24.6,
    22.0,
    16.8,
    21.4,
    0.2,
    0.0,
    61.0,
    55.2,
    61.2,
    5.6,
    0.0,
    1.4,
    0.0,
    0.8,
    0.6,
    1.2,
    1.6,
    0.0,
    0.4,
    1.4,
    191.2
  ]
}