{
  "acc": [
    0.33188118811881184,
    0.31396039603960396,
    0.3306138613861386,
    0.3252739273927393,
    0.3239339933993399,
    0.3259075907590759,
    0.3153069306930693,
    0.16134653465346535,
    0.32455445544554457,
    0.27085148514851487,
    0.31731353135313534,
    0.20512871287128714,
    0.32128052805280527,
    0.3133399339933994,
    0.3086930693069307,
    0.3225940594059406,
    0.3259339933993399,
    0.3226138613861386,
    0.31465346534653466,
    0.32853465346534655,
    0.3206138613861386,
    0.30865346534653465,
    0.33121452145214525,
    0.33451485148514853,
    0.2721386138613861,
    0.3233003300330033,
    0.33657425742574254,
    0.321973597359736,
    0.32261386138613857,
    0.32261386138613857,
    0.3345544554455446,
    0.3245940594059406,
    0.3186732673267327,
    0.2966930693069307,
    0.3385940594059406,
    0.33451485148514853,
    0.31865346534653466,
    0.32263366336633664,
    0.3365544554455446,
    0.31273267326732673,
    0.35245544554455444,
    0.31073267326732673,
    0.3325544554455446,
    0.34253465346534656,
    0.33853465346534656,
    0.3287128712871287,
    0.3166732673267327,
    0.31465346534653466,
    0.32263366336633664,
    0.3226930693069307,
    0.3345544554455446,
    0.31659405940594054,
    0.3324950495049505,
    0.3325742574257426
  ],
  "q": [
    0.4352083494195524,
    0.4372472403666703,
    0.4334992631622188,
    0.44045768108016387,
    0.43086939444966726,
    0.41562451950296897,
    0.45765514820314407,
    0.8000163110530594,
    0.37985998483438876,
    0.5658993050992797,
    0.45955628755608285,
    0.4156897018324267,
    0.43253880177417336,
    0.43628003708559115,
    0.4399963369008863,
    0.44039163891122346,
    0.4605881499085676,
    0.4277944916298396,
    0.44117522359435524,
    0.424932750774565,
    0.4702485111304263,
    0.4756911940730918,
    0.3919280535422238,
    0.41789613165978157,
    0.5425958648706797,
    0.42500027527162104,
    0.42574719785001847,
    0.42866847864692686,
    0.4360390979462875,
    0.47031762793307763,
    0.42411280699716175,
    0.41661212825631866,
    0.4224444949043179,
    0.4277046771622894,
    0.44554013283938526,
    0.44036270447736003,
    0.45034366524380776,
    0.46521605995489557,
    0.47208501116288504,
    0.47178651287244655,
    0.41471065621381165,
    0.4437130829475319,
    0.4306387570106075,
    0.42955463075176253,
    0.4333280822344415,
    0.4441211254948937,
    0.44366445931725706,
    0.4516831799204669,
    0.44653401009819305,
    0.4499873284648411,
    0.4496954931602864,
    0.42744475316321096,
    0.44763400222134697,
    0.43857349066424645
  ],
  "u": [
    63.333333333333336,
    63.666666666666664,
    162.8,
    365.6,
    767.4,
    291.8,
    47.86666666666667,
    56.8,
    24.4,
    92.2,
    48.6,
    18.8,
    50.93333333333333,
    56.133333333333326,
    61.8,
    62.4,
    60.333333333333336,
    59.133333333333326,
    63.4,
    54.2,
    72.33333333333334,
    82.6,
    37.33333333333333,
    51.8,
    64.53333333333333,
    83.2,
    75.26666666666667,
    67.6,
    52.53333333333334,
    52.666666666666664,
    34.2,
    10.0,
    7.2,
    0.4,
    1.0,
    45.0,
    35.4,
    30.6,
    29.0,
    22.0,
    63.0,
    62.6,
    59.0,
    19.8,
    15.8,
    13.4,
    16.4,
    11.0,
    15.0,
    13.0,
    14.0,
    14.4,
    11.8,
    760.4
  ]
}