{
  "task": 66,
  "dataset": "market",
  "repeat": 0,
  "acc": {
    "1": 0.7140736342042755,
    "2": 0.7779097387173397,
    "3": 0.8135391923990499,
    "4": 0.8355106888361045,
    "5": 0.8524346793349169,
    "6": 0.8622327790973872,
    "7": 0.8705463182897862,
    "8": 0.8782660332541568,
    "9": 0.8877672209026128,
    "10": 0.8916270783847982
  },
  "checkup": {
    "trivial_features": 0.0,
    "average_correlation": 0.0038043905857280138,
    "quantile_correlation": [
      -0.4572561510447854,
      -0.17426607318345563,
      -0.009619244237993882,
      0.1557358680585075,
      0.44602941901442267
    ],
    "absolute_quantile_correlation": [
      0.045733825116988064,
      0.16409466535052508,
      0.25277029427666053,
      0.35265044902432036,
      0.5532972806893083
    ]
  },
  "collapse": {
    "trivial_features": 0.0,
    "|corr|": 0.2877903754237949,
    "2/3": 0.35265044902432036,
    "nanprice": 0.2877903754237949
  }
}