{
  "task": 60,
  "dataset": "market",
  "repeat": 0,
  "acc": {
    "1": 0.7342636579572447,
    "2": 0.7880047505938242,
    "3": 0.8209619952494062,
    "4": 0.8414489311163895,
    "5": 0.8542161520190024,
    "6": 0.8684679334916865,
    "7": 0.8770783847980997,
    "8": 0.8839073634204275,
    "9": 0.8892517814726841,
    "10": 0.8942992874109263
  },
  "checkup": {
    "trivial_features": 0.0,
    "average_correlation": 0.0047036788923875555,
    "quantile_correlation": [
      -0.48213899773302865,
      -0.19400982715683093,
      -0.0052938777835615895,
      0.16565753482565868,
      0.48620163636836666
    ],
    "absolute_quantile_correlation": [
      0.052926098518951865,
      0.18013552000348343,
      0.2777349132822642,
      0.3838262334585626,
      0.5839517958497051
    ]
  },
  "collapse": {
    "trivial_features": 0.0,
    "|corr|": 0.30712981158448327,
    "2/3": 0.3838262334585626,
    "nanprice": 0.30712981158448327
  }
}