{
  "task": 90,
  "dataset": "market",
  "repeat": 0,
  "acc": {
    "1": 0.8868764845605701,
    "2": 0.9124109263657957,
    "3": 0.9248812351543944,
    "4": 0.9331947743467933,
    "5": 0.9382422802850356,
    "6": 0.9441805225653207,
    "7": 0.9477434679334917,
    "8": 0.9513064133016627,
    "9": 0.953978622327791,
    "10": 0.9566508313539193
  },
  "checkup": {
    "trivial_features": 6784.0,
    "average_correlation": 3.9920036668282035e-05,
    "quantile_correlation": [
      -0.41416509765819115,
      -0.14938720675950018,
      -0.0001045443065977279,
      0.14830992525666,
      0.414066688152679
    ],
    "absolute_quantile_correlation": [
      0.043761328987405576,
      0.14884847312249821,
      0.23039186163693687,
      0.32261157566673326,
      0.5072171644865603
    ]
  },
  "collapse": {
    "trivial_features": 6784.0,
    "|corr|": 0.2558121998699397,
    "2/3": 0.32261157566673326,
    "nanprice": 0.2558121998699397
  }
}