{
  "task": 59,
  "dataset": "market",
  "repeat": 0,
  "acc": {
    "1": 0.7592042755344418,
    "2": 0.8168052256532067,
    "3": 0.8441211401425178,
    "4": 0.8625296912114014,
    "5": 0.8729216152019003,
    "6": 0.8818289786223278,
    "7": 0.8907363420427553,
    "8": 0.8984560570071259,
    "9": 0.9040973871733967,
    "10": 0.9073634204275535
  },
  "checkup": {
    "trivial_features": 0.0,
    "average_correlation": 0.00945500216144599,
    "quantile_correlation": [
      -0.42767194975227296,
      -0.1662903979351542,
      -0.0011070965495892536,
      0.16480996483430485,
      0.43632781057303355
    ],
    "absolute_quantile_correlation": [
      0.052751687982916955,
      0.16558190827065342,
      0.25275739218138654,
      0.3453938821086716,
      0.5263264337798281
    ]
  },
  "collapse": {
    "trivial_features": 0.0,
    "|corr|": 0.2797804105171387,
    "2/3": 0.3453938821086716,
    "nanprice": 0.2797804105171387
  }
}