{
  "task": 90,
  "dataset": "metal3",
  "repeat": 0,
  "acc": {
    "1": 0.9339622641509434,
    "2": 0.9622641509433962,
    "3": 0.9716981132075472,
    "4": 0.9811320754716981,
    "5": 0.9811320754716981,
    "6": 0.9905660377358491,
    "7": 0.9905660377358491,
    "8": 1.0,
    "9": 1.0,
    "10": 1.0
  },
  "checkup": {
    "trivial_features": 334.0,
    "average_correlation": 0.000744721162746036,
    "quantile_correlation": [
      -0.5037123644307392,
      -0.18738811922053025,
      -0.0006529198110184532,
      0.18545549950499107,
      0.5047200334672367
    ],
    "absolute_quantile_correlation": [
      0.055304477324914024,
      0.1864236913018696,
      0.2872299139434907,
      0.3974077261684068,
      0.6071694171444098
    ]
  },
  "collapse": {
    "trivial_features": 334.0,
    "|corr|": 0.3122683260243123,
    "2/3": 0.3974077261684068,
    "nanprice": 0.3122683260243123
  }
}