{
  "task": 90,
  "dataset": "metal1",
  "repeat": 0,
  "acc": {
    "1": 0.9528301886792453,
    "2": 0.9622641509433962,
    "3": 0.9622641509433962,
    "4": 0.9716981132075472,
    "5": 0.9716981132075472,
    "6": 0.9811320754716981,
    "7": 0.9905660377358491,
    "8": 0.9905660377358491,
    "9": 0.9905660377358491,
    "10": 0.9905660377358491
  },
  "checkup": {
    "trivial_features": 369.0,
    "average_correlation": 0.0018039914230745064,
    "quantile_correlation": [
      -0.49985053376597083,
      -0.1866218984615538,
      0.0007662819154103699,
      0.18776049458921984,
      0.501326757514504
    ],
    "absolute_quantile_correlation": [
      0.05569312605964189,
      0.18721344114244387,
      0.2866418944110335,
      0.3955934188960452,
      0.601924174125106
    ]
  },
  "collapse": {
    "trivial_features": 369.0,
    "|corr|": 0.3108696693202597,
    "2/3": 0.3955934188960452,
    "nanprice": 0.3108696693202597
  }
}