{
  "task": 60,
  "dataset": "metal1",
  "repeat": 0,
  "acc": {
    "1": 0.8207547169811321,
    "2": 0.9245283018867925,
    "3": 0.9433962264150944,
    "4": 0.9622641509433962,
    "5": 0.9622641509433962,
    "6": 0.9716981132075472,
    "7": 0.9716981132075472,
    "8": 0.9716981132075472,
    "9": 0.9811320754716981,
    "10": 0.9811320754716981
  },
  "checkup": {
    "trivial_features": 0.0,
    "average_correlation": 0.024024375968385282,
    "quantile_correlation": [
      -0.49329532672630727,
      -0.1697993511565275,
      0.018884513862612543,
      0.20746752975566518,
      0.5078892890700498
    ],
    "absolute_quantile_correlation": [
      0.056170149187719856,
      0.1910986994009958,
      0.2889397597659687,
      0.3927983263878613,
      0.6058455343877478
    ]
  },
  "collapse": {
    "trivial_features": 0.0,
    "|corr|": 0.3193117526289816,
    "2/3": 0.3927983263878613,
    "nanprice": 0.3193117526289816
  }
}