{
  "task": 60,
  "dataset": "metal3",
  "repeat": 0,
  "acc": {
    "1": 0.839622641509434,
    "2": 0.9150943396226415,
    "3": 0.9433962264150944,
    "4": 0.9433962264150944,
    "5": 0.9716981132075472,
    "6": 0.9811320754716981,
    "7": 0.9811320754716981,
    "8": 0.9905660377358491,
    "9": 1.0,
    "10": 1.0
  },
  "checkup": {
    "trivial_features": 2.0,
    "average_correlation": 0.006072081609408767,
    "quantile_correlation": [
      -0.532809214455606,
      -0.20672189926401646,
      -0.002821864205863405,
      0.19481747849519157,
      0.5209500776972501
    ],
    "absolute_quantile_correlation": [
      0.05620936234123265,
      0.20060990173013513,
      0.30551161091299567,
      0.4225584549708729,
      0.6269330477330732
    ]
  },
  "collapse": {
    "trivial_features": 2.0,
    "|corr|": 0.33353852148809726,
    "2/3": 0.4225584549708729,
    "nanprice": 0.33353852148809726
  }
}