{
  "task": 90,
  "dataset": "metal5",
  "repeat": 0,
  "acc": {
    "1": 0.9150943396226415,
    "2": 0.9339622641509434,
    "3": 0.9528301886792453,
    "4": 0.9622641509433962,
    "5": 0.9622641509433962,
    "6": 0.9622641509433962,
    "7": 0.9716981132075472,
    "8": 0.9905660377358491,
    "9": 0.9905660377358491,
    "10": 0.9905660377358491
  },
  "checkup": {
    "trivial_features": 326.0,
    "average_correlation": 0.0007336483561602432,
    "quantile_correlation": [
      -0.48704268352607555,
      -0.17806378953300842,
      -0.00043025764723189007,
      0.1771808201073932,
      0.48657337169194015
    ],
    "absolute_quantile_correlation": [
      0.05232302728346627,
      0.1776279463267546,
      0.27348921291548556,
      0.38092017203399225,
      0.5922234672558417
    ]
  },
  "collapse": {
    "trivial_features": 326.0,
    "|corr|": 0.3013673159227651,
    "2/3": 0.38092017203399225,
    "nanprice": 0.3013673159227651
  }
}