{
  "task": 60,
  "dataset": "metal5",
  "repeat": 0,
  "acc": {
    "1": 0.8584905660377359,
    "2": 0.9150943396226415,
    "3": 0.9245283018867925,
    "4": 0.9433962264150944,
    "5": 0.9528301886792453,
    "6": 0.9622641509433962,
    "7": 0.9622641509433962,
    "8": 0.9622641509433962,
    "9": 0.9622641509433962,
    "10": 0.9622641509433962
  },
  "checkup": {
    "trivial_features": 0.0,
    "average_correlation": 0.007529934516446177,
    "quantile_correlation": [
      -0.5037802953353544,
      -0.1893873097655913,
      0.0018994207536429128,
      0.17081615466544076,
      0.5074876384177953
    ],
    "absolute_quantile_correlation": [
      0.05234918181992954,
      0.1794338541363591,
      0.28155578016437355,
      0.3963092075195559,
      0.6124061610263286
    ]
  },
  "collapse": {
    "trivial_features": 0.0,
    "|corr|": 0.3173890962960234,
    "2/3": 0.3963092075195559,
    "nanprice": 0.3173890962960234
  }
}