{
  "task": 60,
  "dataset": "metal0",
  "repeat": 0,
  "acc": {
    "1": 0.8584905660377359,
    "2": 0.9056603773584906,
    "3": 0.9339622641509434,
    "4": 0.9622641509433962,
    "5": 0.9622641509433962,
    "6": 0.9622641509433962,
    "7": 0.9716981132075472,
    "8": 0.9811320754716981,
    "9": 0.9811320754716981,
    "10": 0.9811320754716981
  },
  "checkup": {
    "trivial_features": 0.0,
    "average_correlation": 0.008111511824750936,
    "quantile_correlation": [
      -0.5162048652777171,
      -0.19738755512740072,
      -0.000585641795121192,
      0.19135514798693895,
      0.5174780758297332
    ],
    "absolute_quantile_correlation": [
      0.056263958191058124,
      0.1942520264754072,
      0.2933443541258086,
      0.40640482189329635,
      0.6207128753333784
    ]
  },
  "collapse": {
    "trivial_features": 0.0,
    "|corr|": 0.32615388116875044,
    "2/3": 0.40640482189329635,
    "nanprice": 0.32615388116875044
  }
}