{
  "task": 90,
  "dataset": "metal2",
  "repeat": 0,
  "acc": {
    "1": 0.9339622641509434,
    "2": 0.9716981132075472,
    "3": 0.9811320754716981,
    "4": 0.9905660377358491,
    "5": 1.0,
    "6": 1.0,
    "7": 1.0,
    "8": 1.0,
    "9": 1.0,
    "10": 1.0
  },
  "checkup": {
    "trivial_features": 345.0,
    "average_correlation": 0.0003405143195434894,
    "quantile_correlation": [
      -0.49629332383093105,
      -0.18651329395900645,
      -0.0015983651709324744,
      0.1824063272716758,
      0.4954259545339116
    ],
    "absolute_quantile_correlation": [
      0.05469882598723347,
      0.1844191715661315,
      0.28304005973033197,
      0.3918053680023558,
      0.5972467077650608
    ]
  },
  "collapse": {
    "trivial_features": 345.0,
    "|corr|": 0.30797322977786196,
    "2/3": 0.3918053680023558,
    "nanprice": 0.30797322977786196
  }
}