{
  "task": 60,
  "dataset": "metal4",
  "repeat": 0,
  "acc": {
    "1": 0.839622641509434,
    "2": 0.9528301886792453,
    "3": 0.9811320754716981,
    "4": 0.9905660377358491,
    "5": 1.0,
    "6": 1.0,
    "7": 1.0,
    "8": 1.0,
    "9": 1.0,
    "10": 1.0
  },
  "checkup": {
    "trivial_features": 1.0,
    "average_correlation": 0.012111657373065245,
    "quantile_correlation": [
      -0.5135837116823924,
      -0.17449881812240325,
      0.006261027801499454,
      0.18850671342273592,
      0.5095540090899014
    ],
    "absolute_quantile_correlation": [
      0.051503243340283875,
      0.18293506288211658,
      0.2880984746509669,
      0.40032244260486405,
      0.6152748626163493
    ]
  },
  "collapse": {
    "trivial_features": 1.0,
    "|corr|": 0.3202087508104322,
    "2/3": 0.40032244260486405,
    "nanprice": 0.3202087508104322
  }
}