{
  "task": 90,
  "dataset": "metal0",
  "repeat": 0,
  "acc": {
    "1": 0.9150943396226415,
    "2": 0.9433962264150944,
    "3": 0.9528301886792453,
    "4": 0.9811320754716981,
    "5": 0.9905660377358491,
    "6": 0.9905660377358491,
    "7": 0.9905660377358491,
    "8": 0.9905660377358491,
    "9": 0.9905660377358491,
    "10": 0.9905660377358491
  },
  "checkup": {
    "trivial_features": 376.0,
    "average_correlation": 0.0006325657534677318,
    "quantile_correlation": [
      -0.4901527816225865,
      -0.1820918660843672,
      -0.000357508077830838,
      0.18069807803328097,
      0.48895476713051605
    ],
    "absolute_quantile_correlation": [
      0.05376710019177864,
      0.1814027191231671,
      0.27908666127820997,
      0.38618423824500575,
      0.5910849065414757
    ]
  },
  "collapse": {
    "trivial_features": 376.0,
    "|corr|": 0.30409957261948634,
    "2/3": 0.38618423824500575,
    "nanprice": 0.30409957261948634
  }
}