{
  "task": 90,
  "dataset": "metal4",
  "repeat": 0,
  "acc": {
    "1": 0.9905660377358491,
    "2": 0.9905660377358491,
    "3": 0.9905660377358491,
    "4": 0.9905660377358491,
    "5": 1.0,
    "6": 1.0,
    "7": 1.0,
    "8": 1.0,
    "9": 1.0,
    "10": 1.0
  },
  "checkup": {
    "trivial_features": 380.0,
    "average_correlation": 0.0005306180756072987,
    "quantile_correlation": [
      -0.49909362078178754,
      -0.18522328409889446,
      -0.0004565793593148097,
      0.18290228374197962,
      0.4979684959421062
    ],
    "absolute_quantile_correlation": [
      0.05465698486494112,
      0.18406744918968723,
      0.28302200059840094,
      0.3920837277565173,
      0.6025304996897627
    ]
  },
  "collapse": {
    "trivial_features": 380.0,
    "|corr|": 0.30900684809254786,
    "2/3": 0.3920837277565173,
    "nanprice": 0.30900684809254786
  }
}