{
  "task": 60,
  "dataset": "metal2",
  "repeat": 0,
  "acc": {
    "1": 0.8679245283018868,
    "2": 0.9245283018867925,
    "3": 0.9433962264150944,
    "4": 0.9528301886792453,
    "5": 0.9622641509433962,
    "6": 0.9622641509433962,
    "7": 0.9622641509433962,
    "8": 0.9716981132075472,
    "9": 0.9811320754716981,
    "10": 0.9811320754716981
  },
  "checkup": {
    "trivial_features": 1.0,
    "average_correlation": 0.014714862565884076,
    "quantile_correlation": [
      -0.49644987966158544,
      -0.17458557966066438,
      0.009100993791504013,
      0.18675410273472184,
      0.5043004274842707
    ],
    "absolute_quantile_correlation": [
      0.04998077880469834,
      0.17970038672444408,
      0.279418715990428,
      0.3919210147467061,
      0.6070353887995981
    ]
  },
  "collapse": {
    "trivial_features": 1.0,
    "|corr|": 0.3135985397602201,
    "2/3": 0.3919210147467061,
    "nanprice": 0.3135985397602201
  }
}