{
  "task": 90,
  "dataset": "pallet3",
  "repeat": 0,
  "acc": {
    "1": 0.83,
    "2": 0.92,
    "3": 0.93,
    "4": 0.95,
    "5": 0.95,
    "6": 0.96,
    "7": 0.96,
    "8": 0.96,
    "9": 0.97,
    "10": 0.97
  },
  "checkup": {
    "trivial_features": 173.0,
    "average_correlation": 0.0009698913820189889,
    "quantile_correlation": [
      -0.7286245009723481,
      -0.29752516042607274,
      -8.452266992294145e-05,
      0.29619787519402574,
      0.7280945134352805
    ],
    "absolute_quantile_correlation": [
      0.08797787264409708,
      0.2968645233607175,
      0.4550094370419736,
      0.6097238513056596,
      0.8216984354276561
    ]
  },
  "collapse": {
    "trivial_features": 173.0,
    "|corr|": 0.4555245546711961,
    "2/3": 0.6097238513056596,
    "nanprice": 0.4555245546711961
  }
}