{
  "task": 90,
  "dataset": "pallet4",
  "repeat": 0,
  "acc": {
    "1": 0.77,
    "2": 0.86,
    "3": 0.9,
    "4": 0.94,
    "5": 0.94,
    "6": 0.94,
    "7": 0.96,
    "8": 0.97,
    "9": 0.97,
    "10": 0.97
  },
  "checkup": {
    "trivial_features": 186.0,
    "average_correlation": 0.0021053108651839206,
    "quantile_correlation": [
      -0.701762265793565,
      -0.2882640430443025,
      0.0007115615356280865,
      0.2897989314535548,
      0.7044084520511308
    ],
    "absolute_quantile_correlation": [
      0.08610820153560483,
      0.28909496525830747,
      0.43860508247161456,
      0.586648704636491,
      0.7930756064268445
    ]
  },
  "collapse": {
    "trivial_features": 186.0,
    "|corr|": 0.4405838296280098,
    "2/3": 0.586648704636491,
    "nanprice": 0.4405838296280098
  }
}