{
  "task": 90,
  "dataset": "pallet1",
  "repeat": 0,
  "acc": {
    "1": 0.8613861386138614,
    "2": 0.9108910891089109,
    "3": 0.9504950495049505,
    "4": 0.9603960396039604,
    "5": 0.9603960396039604,
    "6": 0.9702970297029703,
    "7": 0.9702970297029703,
    "8": 0.9801980198019802,
    "9": 0.9900990099009901,
    "10": 0.9900990099009901
  },
  "checkup": {
    "trivial_features": 233.0,
    "average_correlation": 0.0006597144030464652,
    "quantile_correlation": [
      -0.7282919603160128,
      -0.31931480341114027,
      -0.0005616749958824581,
      0.31622576003480884,
      0.7287401557562017
    ],
    "absolute_quantile_correlation": [
      0.09407642671822561,
      0.31786605811551066,
      0.4707123166115669,
      0.6169780813256355,
      0.8120091465709283
    ]
  },
  "collapse": {
    "trivial_features": 233.0,
    "|corr|": 0.46336167630698816,
    "2/3": 0.6169780813256355,
    "nanprice": 0.46336167630698816
  }
}