{
  "task": 90,
  "dataset": "pallet2",
  "repeat": 0,
  "acc": {
    "1": 0.84,
    "2": 0.9,
    "3": 0.91,
    "4": 0.94,
    "5": 0.95,
    "6": 0.95,
    "7": 0.95,
    "8": 0.96,
    "9": 0.96,
    "10": 0.96
  },
  "checkup": {
    "trivial_features": 197.0,
    "average_correlation": 0.00045761601335256373,
    "quantile_correlation": [
      -0.7438428469741456,
      -0.3298299137865555,
      -0.0023005852676413275,
      0.32709270305738614,
      0.7434423662551692
    ],
    "absolute_quantile_correlation": [
      0.09922333112990943,
      0.3285085933789837,
      0.4890811681869175,
      0.6349427154910026,
      0.8270889239695445
    ]
  },
  "collapse": {
    "trivial_features": 197.0,
    "|corr|": 0.4759310419572517,
    "2/3": 0.6349427154910026,
    "nanprice": 0.4759310419572517
  }
}