{
  "task": 90,
  "dataset": "pallet0",
  "repeat": 0,
  "acc": {
    "1": 0.8118811881188119,
    "2": 0.900990099009901,
    "3": 0.9207920792079208,
    "4": 0.9603960396039604,
    "5": 0.9603960396039604,
    "6": 0.9702970297029703,
    "7": 0.9702970297029703,
    "8": 0.9900990099009901,
    "9": 0.9900990099009901,
    "10": 0.9900990099009901
  },
  "checkup": {
    "trivial_features": 167.0,
    "average_correlation": 0.0003581189844507851,
    "quantile_correlation": [
      -0.7439033851933095,
      -0.33227811796055967,
      -0.0009572793154410856,
      0.32898933193626667,
      0.7429644621703442
    ],
    "absolute_quantile_correlation": [
      0.09966147608689645,
      0.33062858921225247,
      0.48906201748829725,
      0.6355794085000083,
      0.822813822325738
    ]
  },
  "collapse": {
    "trivial_features": 167.0,
    "|corr|": 0.47575972622524254,
    "2/3": 0.6355794085000083,
    "nanprice": 0.47575972622524254
  }
}