{
  "task": 90,
  "dataset": "std0",
  "repeat": 0,
  "acc": {
    "1": 0.37623762376237624,
    "2": 0.504950495049505,
    "3": 0.594059405940594,
    "4": 0.6633663366336634,
    "5": 0.7326732673267327,
    "6": 0.7722772277227723,
    "7": 0.7821782178217822,
    "8": 0.7821782178217822,
    "9": 0.8217821782178217,
    "10": 0.8217821782178217
  },
  "checkup": {
    "trivial_features": 710.0,
    "average_correlation": 0.00034817897914220865,
    "quantile_correlation": [
      -0.6722264868981775,
      -0.27259737655632377,
      0.00028983669527954934,
      0.2693734089128915,
      0.669868418076459
    ],
    "absolute_quantile_correlation": [
      0.08126803471770522,
      0.27103194173522066,
      0.40852026649972484,
      0.5494199223733445,
      0.7744314338923002
    ]
  },
  "collapse": {
    "trivial_features": 710.0,
    "|corr|": 0.4201188821390703,
    "2/3": 0.5494199223733445,
    "nanprice": 0.4201188821390703
  }
}