{
  "task": 90,
  "dataset": "std1",
  "repeat": 0,
  "acc": {
    "1": 0.33663366336633666,
    "2": 0.4158415841584158,
    "3": 0.5148514851485149,
    "4": 0.6138613861386139,
    "5": 0.6336633663366337,
    "6": 0.6534653465346535,
    "7": 0.6633663366336634,
    "8": 0.6732673267326733,
    "9": 0.7326732673267327,
    "10": 0.7425742574257426
  },
  "checkup": {
    "trivial_features": 795.0,
    "average_correlation": 0.0027286553982076756,
    "quantile_correlation": [
      -0.7111714363882075,
      -0.3019395892469492,
      0.0023634961768906502,
      0.30423662097887627,
      0.7135190503856267
    ],
    "absolute_quantile_correlation": [
      0.09225821887825142,
      0.3030548884435798,
      0.44980328027843797,
      0.5944030813130835,
      0.808952139432203
    ]
  },
  "collapse": {
    "trivial_features": 795.0,
    "|corr|": 0.45161630717171125,
    "2/3": 0.5944030813130835,
    "nanprice": 0.45161630717171125
  }
}