{
  "task": 90,
  "dataset": "std2",
  "repeat": 0,
  "acc": {
    "1": 0.31,
    "2": 0.44,
    "3": 0.49,
    "4": 0.54,
    "5": 0.56,
    "6": 0.59,
    "7": 0.64,
    "8": 0.64,
    "9": 0.67,
    "10": 0.68
  },
  "checkup": {
    "trivial_features": 773.0,
    "average_correlation": 0.0021798330703602163,
    "quantile_correlation": [
      -0.7044630917383536,
      -0.29029454885912964,
      0.001139412995890172,
      0.291817541229948,
      0.7059845267301664
    ],
    "absolute_quantile_correlation": [
      0.08677905652329321,
      0.29106258908854943,
      0.4374471912779824,
      0.5833037539972065,
      0.8055398826166152
    ]
  },
  "collapse": {
    "trivial_features": 773.0,
    "|corr|": 0.44305786808776,
    "2/3": 0.5833037539972065,
    "nanprice": 0.44305786808776
  }
}