{
  "task": 90,
  "dataset": "std3",
  "repeat": 0,
  "acc": {
    "1": 0.24,
    "2": 0.31,
    "3": 0.38,
    "4": 0.42,
    "5": 0.44,
    "6": 0.49,
    "7": 0.53,
    "8": 0.58,
    "9": 0.6,
    "10": 0.62
  },
  "checkup": {
    "trivial_features": 807.0,
    "average_correlation": 0.0009194929765293984,
    "quantile_correlation": [
      -0.713388481122755,
      -0.29755458368727344,
      5.5258631973078224e-05,
      0.29620947933935154,
      0.7134938985866918
    ],
    "absolute_quantile_correlation": [
      0.08935070956964723,
      0.2969303361817393,
      0.44430212440069367,
      0.5908381212842976,
      0.8132020517075852
    ]
  },
  "collapse": {
    "trivial_features": 807.0,
    "|corr|": 0.4490177228228004,
    "2/3": 0.5908381212842976,
    "nanprice": 0.4490177228228004
  }
}