{
  "task": 90,
  "dataset": "std4",
  "repeat": 0,
  "acc": {
    "1": 0.4,
    "2": 0.47,
    "3": 0.59,
    "4": 0.65,
    "5": 0.68,
    "6": 0.72,
    "7": 0.73,
    "8": 0.75,
    "9": 0.78,
    "10": 0.79
  },
  "checkup": {
    "trivial_features": 717.0,
    "average_correlation": 0.0015813728141518698,
    "quantile_correlation": [
      -0.6836268775109242,
      -0.27919152935203784,
      0.0013181449094392987,
      0.2787499365278936,
      0.6845336794800106
    ],
    "absolute_quantile_correlation": [
      0.084491336866154,
      0.27898533016597965,
      0.41873387315682364,
      0.561892120869971,
      0.7870116353573964
    ]
  },
  "collapse": {
    "trivial_features": 717.0,
    "|corr|": 0.4290566730998904,
    "2/3": 0.561892120869971,
    "nanprice": 0.4290566730998904
  }
}